{
  "fold_results": [
    0.17165656686866262,
    0.1780164396712066,
    0.1782071282851314
  ],
  "mean": 0.17596004494166687
}