{
  "fold_results": [
    0.7051658966820663,
    0.7267654646907061,
    0.7337693507740309
  ],
  "mean": 0.7219002373822678
}