{
  "fold_results": [
    0.6991060178796424,
    0.6980860382792344,
    0.7080883235329413
  ],
  "mean": 0.7017601265639394
}