{
  "fold_results": [
    0.8052438951220976,
    0.8240835183296334,
    0.8078123124924997
  ],
  "mean": 0.8123799086480769
}