{
  "fold_results": [
    0.5834283314333714,
    0.5882282354352913,
    0.5912036481459259
  ],
  "mean": 0.5876200716715295
}