{
  "fold_results": [
    0.42065158696826066,
    0.4237715245695086,
    0.37891515660626424
  ],
  "mean": 0.4077794227146778
}