{
  "fold_results": [
    0.27887442251154976,
    0.2741345173096538,
    0.2594503780151206
  ],
  "mean": 0.27081977261210805
}