{
  "fold_results": [
    0.6707265854682907,
    0.6908861822763545,
    0.6799471978879155
  ],
  "mean": 0.6805199885441869
}