{
  "fold_results": [
    0.5142497150056999,
    0.5340493190136197,
    0.5178207128285132
  ],
  "mean": 0.5220399156159443
}