{
  "fold_results": [
    0.4870102597948041,
    0.4862302753944921,
    0.49603984159366377
  ],
  "mean": 0.48976012559432
}