{
  "fold_results": [
    0.6003479930401392,
    0.6334673306533869,
    0.59444377775111
  ],
  "mean": 0.6094197004815454
}