{
  "fold_results": [
    0.756644867102658,
    0.7823843523129538,
    0.7782911316452659
  ],
  "mean": 0.7724401170202926
}