{
  "fold_results": [
    0.6709065818683626,
    0.6874062518749625,
    0.6490459618384735
  ],
  "mean": 0.6691195985272662
}