{
  "fold_results": [
    0.4543709125817484,
    0.5369292614147717,
    0.47251890075603026
  ],
  "mean": 0.48793969158418343
}