{
  "fold_results": [
    0.44183116337673245,
    0.4236515269694606,
    0.4175567022680907
  ],
  "mean": 0.4276797975380946
}