{
  "fold_results": [
    0.7765644687106258,
    0.7742245155096898,
    0.7699507980319212
  ],
  "mean": 0.7735799274174123
}